日和莉,猫拳,日和,,,,,,
优衣,种田,yui,ue,,,,,
怜,剑圣,,,,,,,
未奏希,炸弹人,炸弹,熊孩子,禊,,,,
茉莉,跳跳虎,虎,跳刀虎,马自立,,,,
茜里,妹法,阿卡丽,,,,,,
宫子,布丁,,,,,,,
雪,镜子,小雪,镜法,伪娘,,,,
杏奈,中二,煤气罐,,,,,,
真步,狐狸,真扎,maho,咕噜灵波,真布,,,
璃乃,妹弓,,,,,,,
初音,hego,星星法,星法,睡法,,,,
七七香,娜娜卡,77香,nanaka,,,,,
香澄,驴,侦探,驴妹,霞,,,,
美里,圣母,绿帽,,,,,,
铃奈,暴击弓,政委,辣妹弓,,,,,
香织,狗子,狗,狗拳,,,,,
伊绪,老师,魅魔,依绪,,,,,
美美,兔子,兔,兔兔,,,,,
胡桃,铃铛,,,,,,,
依里,姐法,姐姐法,尤里,由里,伊里,,,
绫音,熊锤,,,,,,,
铃莓,女仆,雀,,,,,,
铃,松鼠,,,,,,,
惠理子,病娇,,,,,,,
咲恋,充电宝,普电,,,,,,
望,偶像,,,,,,,
妮侬,扇子,妮诺,,,,,,
忍,带孝女,,,,,,,
秋乃,哈哈剑,,,,,,,
真阳,奶牛,,,,,,,
尤加莉,黄骑,奶骑,酒鬼,圣骑,优花梨,,,
镜华,xcw,小仓唯,,,,,,
智,tomo,卜毛,,,,,,
栞,tp弓,白虎弓,,,,,,
碧,香菜弓,香菜,毒弓,绿帽弓,,,,
千歌,绿毛奶,契卡,,,,,,
真琴,狼,狼姐,狼妹,月月,,,,
伊莉雅,yly,伊利亚,,,,,,
空花,抖m,,,,,,,
珠希,猫剑,,,,,,,
纯,黑骑,saber,,,,,,
美冬,子龙,,,,,,,
静流,姐姐,,,,,,,
美咲,大眼,眼球法,,,,,,
深月,眼罩,抖s,,,,,,
莉玛,羊,羊驼,草泥马,,,,,
莫妮卡,毛二力,莫尼卡,,,,,,
纺希,裁缝,,,,,,,
步未,路人,路人妹,女路人,步美,,,,
流夏,大姐,露卡,ruka,luka,儿力,卢卡,,
姬塔,吉他,团长,qks,吉塔,,,,
佩可莉姆,吃货,公主,佩可,贪吃佩可,,,,
可可萝,妈,kkr,白毛,普白,可可罗,,,
凯留,黑猫,臭鼬,凯露,普黑,猫猫头,臭猫猫,,
矛依未,511,夏娜,无意义,,,,,
亚里莎,瞎子,鸭梨瞎,亚莉莎,亚里沙,,,,
嘉夜,卡娅,卡雅,卡亚,卡姐,,,,
祈梨,祈,,,,,,,
穗希,誉,,,,,,,
拉比林斯塔,迷宫女王,晶,,,,,,
真那,霸瞳皇帝,霸瞳,,,,,,
似似花,448,nnk,neneka,涅涅卡,奶奶卡,大妃,变貌大妃,变貌
克里斯蒂娜,克总,女帝,克,克姐,,,,
拉基拉基,跳跃王,,,,,,,
佩可莉姆（夏日）,水吃,水吃货,泼妇,夏日佩可莉姆,,,,
可可萝（夏日）,水白,水妈,夏日可可萝,,,,,
铃莓（夏日）,水女仆,夏日铃莓,,,,,,
凯留（夏日）,水黑,潶,水黑猫,夏日凯留,,,,
珠希（夏日）,水猫剑,水猫,夏日珠希,,,,,
美冬（夏日）,水美冬,水子龙,夏日美冬,,,,,
忍（万圣节）,万圣忍,瓜忍,鬼忍,万圣节忍,,,,
宫子（万圣节）,万圣布丁,狼布丁,狼丁,万圣宫子,,,,
美咲（万圣节）,万圣美咲,万圣大眼,万圣节美咲,,,,,
千歌（圣诞节）,圣诞千歌,圣千,圣歌,圣诞节千歌,,,,
胡桃（圣诞节）,圣诞胡桃,圣诞铃铛,圣诞节胡桃,,,,,
绫音（圣诞节）,圣诞熊锤,圣锤,圣诞节绫音,,,,,
日和莉（新年）,春猫,新年猫拳,新年日和,,,,,
优衣（新年）,春田,新年yui,春优,新年优衣,,,,
怜（新年）,新年怜,新春怜,春剑,春怜,新年剑圣,新春剑圣,,
惠理子（情人节）,情人节惠理子,情人节病娇,恋病,情病,情人病,,,
静流（情人节）,情人节静流,情人节姐姐,情姐,恋姐,情人姐,,,
安,55kg,,,,,,,
露,,,,,,,,
古蕾雅,龙姬,,,,,,,
空花（大江户）,江户空花,江户抖m,江户m,江m,花m,大江m,和服空花,大江户空花
妮侬（大江户）,江户扇子,忍扇,大江户妮诺,,,,,
蕾姆,,,,,,,,
拉姆,,,,,,,,
艾米莉亚,emt,爱蜜莉雅,,,,,,
铃奈（夏日）,水暴,水暴弓,瀑,夏日铃奈,,,,
伊绪（夏日）,水魅魔,水老师,泳装魅魔,泳装老师,夏日伊绪,,,
咲恋（夏日）,水充,水电,水电站,泳装充电宝,泳装咲恋,夏日咲恋,,
真琴（夏日）,水狼,浪,夏日真琴,,,,,
香织（夏日）,水狗,夏日香织,,,,,,
真步（夏日）,水真步,水狐狸,水狐,水壶,水噜灵波,夏日真步,,
碧（插班生）,生菜,插班生碧,,,,,,
克萝伊,华哥,花子,黑江,,,,,
琪爱儿,切噜,知惠,,,,,,
优妮,优尼,,,,,,,
镜华（万圣节）,万圣xcw,万圣唯,猫唯,猫仓,mcw,万圣节镜华,,
未奏希（万圣节）,万圣炸弹,万圣炸弹人,万圣未奏希,圣弹人,圣蛋人,万圣节禊,瓜炸,
美美（万圣节）,万圣兔,万圣兔兔,万圣兔子,万圣节美美,,,,
露娜,,,,,,,,
克里斯蒂娜（圣诞节）,圣诞克,圣诞克姐,圣诞克总,圣克,圣诞节克里斯蒂娜,蛋壳,,
望（圣诞节）,圣诞偶像,圣诞望,圣诞节望,,,,,
伊莉雅（圣诞节）,圣诞节伊利亚,圣诞伊莉雅,圣诞伊利亚,圣诞yly,圣伊,圣诞节伊莉雅,,
佩可莉姆（新年）,春吃,新年佩可,新年贪吃佩可,,,,,
可可萝（新年）,春白,春妈,新年可可萝,新春可可萝,,,,
凯露（新年）,春黑,新年黑猫,新年凯露,春鼬,新年凯留,,,
铃莓（新年）,春女仆,新年女仆,新年铃莓,,,,,
霞（魔法少女）,魔法侦探,魔法霞,魔法驴,魔驴,法驴,魔法少驴,魔法少女霞,
栞（魔法少女）,魔法弓,魔弓,法弓,魔法少女栞,,,,
岛村卯月（偶像大师）,岛村卯月,卯月,卵用,偶像大师岛村卯月,,,,
涉谷凛（偶像大师）,涉谷凛,凛,偶像大师涉谷凛,,,,,
本田未央（偶像大师）,本田未央,偶像大师本田未央,mio,,,,,
铃（游侠）,游侠松鼠,武松,钻头哥,,,,,
真阳（游侠）,游侠真阳,斗牛,,,,,,
佩可莉姆（公主）,命运吃货,公主吃货,高达,命运高达,公主佩可莉姆,,,
